metric,persistence_baseline,logistic_regression,logistic_minus_persistence
accuracy,0.5654008438818565,0.5907172995780591,0.025316455696202556
balanced_accuracy,0.5239399155061806,0.5073149741824441,-0.016624941323736486
precision,0.38095238095238093,0.36538461538461536,-0.015567765567765568
recall,0.3855421686746988,0.2289156626506024,-0.15662650602409642
f1,0.38323353293413176,0.2814814814814815,-0.10175205145265026
roc_auc,,0.49788765451416056,
